FacilityContactID,FacilityID,CreatedBy,CreatedDatetime,UpdatedBy,UpdatedDatetime,PhoneNumber,IsDeleted
104,104,101,2018-01-16 14:18:57.348031+05:30,101,2018-01-16 14:18:57.348031+05:30,1111111111,f
105,105,101,2018-01-16 14:26:17.244832+05:30,101,2018-01-16 14:26:40.122077+05:30,2222222222,f
107,107,101,2018-01-16 14:35:10.403668+05:30,101,2018-01-16 14:35:10.403668+05:30,1111111111,f
109,109,101,2018-01-16 17:52:54.937738+05:30,101,2018-01-16 17:52:54.937738+05:30,3333333333,f
111,111,101,2018-01-17 20:36:15.190016+05:30,101,2018-01-17 20:36:15.190016+05:30,3333333333,f
112,112,101,2018-01-18 03:04:08.556712+05:30,101,2018-01-18 03:04:08.556712+05:30,0247775121,f
113,113,101,2018-01-18 10:38:26.846802+05:30,101,2018-01-18 10:38:26.846802+05:30,0719234245,f
114,114,101,2018-01-18 10:42:16.652147+05:30,101,2018-01-18 10:42:16.652147+05:30,0711781299,f
115,115,101,2018-01-18 10:45:48.562617+05:30,101,2018-01-18 10:45:48.562617+05:30,0718646933,f
116,116,101,2018-01-18 10:49:13.522974+05:30,101,2018-01-18 10:49:13.522974+05:30,0789678765,f
117,117,101,2018-01-18 10:50:23.080451+05:30,101,2018-01-18 10:50:23.080451+05:30,0718786756,f
118,118,101,2018-01-18 10:51:33.475418+05:30,101,2018-01-18 10:51:33.475418+05:30,0786798909,f
119,119,101,2018-01-18 10:53:31.434997+05:30,101,2018-01-18 10:53:31.434997+05:30,0723454323,f
142,142,101,2018-01-24 13:45:44.243363+05:30,101,2018-01-24 13:45:44.243363+05:30,1111111111,f
140,140,101,2018-01-24 13:30:51.269718+05:30,101,2018-01-24 14:15:48.500371+05:30,1111111112,t
106,106,101,2018-01-16 14:29:51.406202+05:30,101,2018-01-18 12:49:25.317071+05:30,3333333333,f
120,120,101,2018-01-18 12:42:35.533725+05:30,101,2018-01-18 12:52:14.602448+05:30,4354545564,f
123,123,101,2018-01-18 13:04:00.282315+05:30,101,2018-01-18 13:04:00.282315+05:30,1111111111,f
110,110,101,2018-01-17 15:52:28.744421+05:30,101,2018-01-18 13:04:46.644175+05:30,9035284887,f
144,144,101,2018-01-24 14:19:14.833889+05:30,101,2018-01-24 14:19:14.833889+05:30,546565464,f
154,154,205,2018-01-25 15:38:20.610284+05:30,101,2018-05-25 11:38:59.725408+05:30,8997789787,f
125,125,101,2018-01-18 14:22:09.75098+05:30,101,2018-01-18 14:23:16.897653+05:30,655676767,f
161,161,101,2018-05-24 14:27:32.975601+05:30,101,2018-05-24 15:24:47.857838+05:30,1234567895,f
162,162,101,2018-05-24 14:28:30.86522+05:30,101,2018-05-24 15:25:34.819451+05:30,6547893212,f
129,129,101,2018-01-22 17:56:56.696081+05:30,101,2018-01-22 17:57:30.835133+05:30,3434343434,f
163,163,101,2018-05-24 15:27:01.679325+05:30,101,2018-05-24 15:27:01.679325+05:30,4545454543,f
124,124,101,2018-01-18 13:30:22.017935+05:30,101,2018-01-24 15:05:42.883388+05:30,3333333333,f
127,127,101,2018-01-22 17:51:35.145881+05:30,101,2018-01-22 19:11:18.443612+05:30,8979989898,t
128,128,101,2018-01-22 17:53:52.294935+05:30,101,2018-01-22 18:56:44.602897+05:30,7899999999,t
164,164,101,2018-05-24 15:27:49.104577+05:30,101,2018-05-24 15:27:49.104577+05:30,3456784433,f
165,165,101,2018-05-24 15:29:50.553101+05:30,101,2018-05-24 15:29:50.553101+05:30,2589631478,f
133,133,101,2018-01-23 15:38:53.730648+05:30,101,2018-01-23 15:38:53.730648+05:30,1111111111,f
122,122,101,2018-01-18 13:03:10.90987+05:30,101,2018-01-23 15:39:35.797372+05:30,4354656577,f
108,108,101,2018-01-16 17:50:03.846171+05:30,101,2018-01-24 15:11:49.941453+05:30,2222222222,f
135,135,101,2018-01-23 17:55:22.990556+05:30,101,2018-01-23 17:55:22.990556+05:30,1111111111,f
136,136,101,2018-01-23 21:08:10.120332+05:30,101,2018-01-23 21:08:45.04843+05:30,1111111111,f
137,137,101,2018-01-23 21:09:53.465608+05:30,101,2018-01-23 21:11:28.9922+05:30,1111111111,f
134,134,101,2018-01-23 17:51:04.883033+05:30,101,2018-01-24 10:23:58.297084+05:30,1111111111,t
145,145,101,2018-01-24 15:30:12.17433+05:30,101,2018-01-24 15:30:12.17433+05:30,5454645475,f
146,146,101,2018-01-24 15:37:49.138213+05:30,101,2018-01-24 15:37:49.138213+05:30,5454654656,f
126,126,101,2018-01-19 16:18:39.362678+05:30,101,2018-01-24 13:02:19.742372+05:30,1111111111,t
148,148,101,2018-01-24 16:18:06.832345+05:30,101,2018-01-24 16:18:06.832345+05:30,4565465656,f
147,147,101,2018-01-24 16:15:20.213998+05:30,101,2018-01-24 16:24:36.296845+05:30,5465656575,t
149,149,101,2018-01-24 16:49:31.971005+05:30,101,2018-01-24 16:49:31.971005+05:30,4565465465,f
150,150,101,2018-01-24 17:08:17.010458+05:30,101,2018-01-24 17:08:17.010458+05:30,3453454545,f
139,139,101,2018-01-24 13:19:45.251987+05:30,101,2018-01-24 13:41:37.338084+05:30,1111111111,t
138,138,101,2018-01-24 13:10:16.180168+05:30,101,2018-01-24 13:42:30.696736+05:30,1111111111,t
151,151,101,2018-01-24 17:09:52.463528+05:30,101,2018-01-24 17:22:59.750119+05:30,1111111111,t
152,152,101,2018-01-24 17:17:22.324363+05:30,101,2018-01-24 17:24:19.105714+05:30,1111111111,t
131,131,101,2018-01-23 14:08:17.78154+05:30,101,2018-01-24 19:13:15.146436+05:30,1231454848,t
155,155,101,2018-01-25 17:35:17.301369+05:30,101,2018-01-25 17:35:45.623721+05:30,1111111111,f
141,141,101,2018-01-24 13:44:41.486156+05:30,101,2018-01-25 17:36:16.654549+05:30,1111111111,t
167,167,101,2018-05-24 15:30:55.566021+05:30,101,2018-05-24 15:31:00.554003+05:30,5656566666,t
156,156,101,2018-02-12 15:23:38.172772+05:30,101,2018-02-12 15:23:38.172772+05:30,9874525868,f
158,158,101,2018-02-13 14:31:44.096726+05:30,101,2018-02-13 14:31:44.096726+05:30,9874525868,f
159,159,101,2018-02-14 16:54:59.729217+05:30,101,2018-02-14 16:54:59.729217+05:30,3245356476,f
168,168,101,2018-05-24 15:31:29.752958+05:30,101,2018-05-24 15:31:29.752958+05:30,4346677898,f
171,171,101,2018-05-24 18:04:59.569229+05:30,101,2018-05-24 18:04:59.569229+05:30,3454546456,f
176,176,101,2018-05-25 12:25:14.026062+05:30,101,2018-05-25 12:25:41.994804+05:30,7324782364,f
172,172,101,2018-05-25 11:27:42.04502+05:30,101,2018-05-25 11:32:02.442429+05:30,1234567890,t
174,174,101,2018-05-25 11:33:13.818215+05:30,101,2018-05-25 11:33:13.818215+05:30,1234567890,f
178,178,101,2018-05-25 13:01:28.807839+05:30,101,2018-05-25 13:01:28.807839+05:30,1234567890,f
177,177,101,2018-05-25 12:59:34.965732+05:30,101,2018-05-25 13:01:41.306607+05:30,1234567890,f
175,175,101,2018-05-25 11:35:15.535109+05:30,101,2018-05-25 11:36:46.432105+05:30,1234567890,t
180,180,101,2018-05-25 13:04:19.17543+05:30,101,2018-05-25 13:04:19.17543+05:30,1234567890,f
181,181,101,2018-05-25 13:05:08.288267+05:30,101,2018-05-25 13:05:08.288267+05:30,1234567890,f
182,182,101,2018-05-25 13:05:54.55014+05:30,101,2018-05-25 13:05:54.55014+05:30,9742352128,f
183,183,101,2018-05-25 13:08:19.054647+05:30,101,2018-05-25 13:08:19.054647+05:30,1234567890,f
184,184,101,2018-05-25 13:08:58.928718+05:30,101,2018-05-25 13:08:58.928718+05:30,1234567890,f
185,185,101,2018-05-25 13:09:53.24519+05:30,101,2018-05-25 13:09:53.24519+05:30,9742352128,f
186,186,101,2018-05-25 14:55:55.342252+05:30,101,2018-05-25 14:55:55.342252+05:30,9742352128,f
130,130,101,2018-01-23 11:34:45.64105+05:30,101,2018-05-28 14:31:01.67383+05:30,2344444534,f
179,179,101,2018-05-25 13:03:06.702954+05:30,101,2018-05-30 12:11:21.090527+05:30,9742352128,f
188,188,101,2018-05-30 16:25:14.611444+05:30,101,2018-06-01 17:11:47.647984+05:30,2589631478,t
170,170,101,2018-05-24 18:02:00.554493+05:30,101,2018-06-01 18:05:41.894645+05:30,3545454545,t
189,189,101,2018-05-31 14:17:53.765144+05:30,101,2018-05-31 14:17:53.765144+05:30,7256985451,f
166,166,101,2018-05-24 15:30:28.992961+05:30,101,2018-06-01 14:29:46.328546+05:30,7676656545,t
192,192,101,2018-06-01 13:51:24.045978+05:30,101,2018-09-01 00:51:36.05601+05:30,247775121,f
153,153,101,2018-01-24 19:14:05.978237+05:30,101,2018-09-11 14:44:32.789427+05:30,2354345646,t
121,121,101,2018-01-18 13:02:59.765458+05:30,101,2018-09-13 10:02:12.166397+05:30,1111111111,t
160,160,101,2018-05-24 14:26:18.681201+05:30,101,2018-09-13 10:03:05.613691+05:30,8765432198,t
193,193,101,2018-06-01 14:30:58.491182+05:30,101,2018-06-01 14:30:58.491182+05:30,2589631745,f
187,187,101,2018-05-30 16:22:46.584174+05:30,101,2018-06-01 17:11:47.670462+05:30,7676575676,t
197,197,101,2018-06-01 17:59:11.010796+05:30,101,2018-06-01 17:59:11.010796+05:30,1255494896,f
191,191,101,2018-06-01 13:49:11.118286+05:30,101,2018-06-01 18:05:49.16102+05:30,247775121,t
200,200,101,2018-06-01 18:47:40.004187+05:30,101,2018-06-01 18:47:40.004187+05:30,8976543210,f
203,203,101,2018-06-03 23:14:49.864087+05:30,101,2018-06-03 23:14:49.864087+05:30,247775121,f
202,202,101,2018-06-03 23:14:00.944951+05:30,101,2018-06-03 23:21:51.847535+05:30,0247775121,f
205,205,101,2018-06-04 12:48:27.854955+05:30,101,2018-06-04 12:48:27.854955+05:30,6777576565,f
206,206,101,2018-06-04 12:55:48.955581+05:30,101,2018-06-04 12:55:48.955581+05:30,4546565656,f
209,209,101,2018-08-23 14:48:50.445309+05:30,101,2018-08-23 14:48:50.445309+05:30,1236547890,f
210,210,101,2018-08-23 14:49:46.177454+05:30,101,2018-08-23 14:49:46.177454+05:30,7259689187,f
211,211,101,2018-08-23 14:51:22.752192+05:30,101,2018-08-23 14:51:22.752192+05:30,7259689187,f
212,212,101,2018-08-23 14:52:00.530467+05:30,101,2018-08-23 14:52:00.530467+05:30,7259689187,f
213,213,101,2018-08-23 15:19:11.766108+05:30,101,2018-08-23 15:19:11.766108+05:30,4554544354,f
214,214,101,2018-08-23 15:20:17.075813+05:30,101,2018-08-23 15:20:17.075813+05:30,1236547892,f
215,215,101,2018-08-23 15:20:57.181872+05:30,101,2018-08-23 15:20:57.181872+05:30,4556565776,f
216,216,101,2018-08-23 15:24:42.724866+05:30,101,2018-08-23 15:25:42.272207+05:30,1236547890,t
217,217,101,2018-08-27 13:35:07.019606+05:30,101,2018-08-27 13:35:07.019606+05:30,1132114435,f
247,247,101,2018-09-04 15:36:57.754886+05:30,101,2018-09-04 15:37:18.874799+05:30,2345678906,f
196,196,101,2018-06-01 17:54:52.570357+05:30,101,2018-08-27 13:36:06.41607+05:30,5864231970,t
218,218,101,2018-08-27 13:42:33.750398+05:30,101,2018-08-27 13:42:54.12803+05:30,6547877989,f
194,194,101,2018-06-01 14:39:13.669479+05:30,101,2018-08-27 13:42:59.405557+05:30,1593742862,t
219,219,101,2018-08-27 13:44:39.812157+05:30,101,2018-08-27 13:44:39.812157+05:30,5436376787,f
195,195,101,2018-06-01 16:43:10.270354+05:30,101,2018-08-27 13:45:03.64992+05:30,5469871235,f
169,169,101,2018-05-24 18:00:52.136619+05:30,101,2018-08-28 03:25:21.037054+05:30,7777777777,f
221,221,101,2018-08-28 17:20:34.1384+05:30,101,2018-08-28 17:20:34.1384+05:30,5548543865,f
222,222,101,2018-08-28 17:21:08.709778+05:30,101,2018-08-28 17:21:08.709778+05:30,5836805934,f
255,255,101,2018-09-18 18:20:52.625204+05:30,101,2018-09-18 18:20:52.625204+05:30,123456789,f
208,208,101,2018-08-23 12:15:39.966573+05:30,101,2018-08-30 14:44:24.331029+05:30,7259689187,f
223,223,101,2018-08-30 11:42:51.777976+05:30,101,2018-08-31 09:54:26.326427+05:30,1236547890,f
224,224,101,2018-08-30 15:31:33.566708+05:30,101,2018-08-31 10:15:15.880453+05:30,3435465465,f
227,227,101,2018-08-31 10:30:28.633401+05:30,101,2018-08-31 10:30:28.633401+05:30,1236547892,f
228,228,101,2018-08-31 10:36:00.472538+05:30,101,2018-08-31 10:36:00.472538+05:30,1236547895,f
204,204,101,2018-06-03 23:15:40.223991+05:30,101,2018-09-01 00:56:52.435017+05:30,247775126,f
229,229,101,2018-09-01 01:00:39.285914+05:30,101,2018-09-01 01:02:04.46928+05:30,0548108587,f
230,230,101,2018-09-03 11:24:54.458499+05:30,101,2018-09-03 12:46:04.799378+05:30,4353456465,t
244,244,101,2018-09-03 17:15:00.573378+05:30,101,2018-09-03 17:15:00.573378+05:30,1593742860,f
245,245,101,2018-09-03 19:05:54.757209+05:30,101,2018-09-03 20:06:01.580271+05:30,244145696,t
241,241,101,2018-09-03 15:32:41.633387+05:30,101,2018-09-03 20:06:06.049239+05:30,0548108587,t
246,246,101,2018-09-03 20:10:35.143906+05:30,101,2018-09-03 20:10:35.143906+05:30,0244145696,f
252,252,101,2018-09-11 14:27:39.800304+05:30,101,2018-09-11 14:27:39.800304+05:30,3545435435,f
250,250,101,2018-09-11 14:26:29.007228+05:30,101,2018-09-11 14:28:21.15535+05:30,8765432109,t
249,249,101,2018-09-11 12:26:59.829427+05:30,101,2018-09-11 14:28:26.314836+05:30,1236547890,t
207,207,101,2018-06-05 15:58:34.791702+05:30,101,2018-09-11 14:44:12.661423+05:30,4545455465,t
157,157,101,2018-02-13 09:35:09.897421+05:30,101,2018-09-11 14:44:47.259387+05:30,8798797687,t
173,173,101,2018-05-25 11:30:32.213176+05:30,101,2018-09-11 14:45:06.760587+05:30,1234567890,t
132,132,101,2018-01-23 14:48:50.831032+05:30,101,2018-09-11 14:46:46.383636+05:30,1111111111,t
143,143,101,2018-01-24 14:02:16.060052+05:30,101,2018-09-11 14:47:22.808512+05:30,1111111111,t
103,103,101,2018-01-16 13:11:01.19977+05:30,101,2018-09-11 14:47:49.182173+05:30,3454546456,t
102,102,101,2018-01-16 13:02:14.956572+05:30,101,2018-09-11 14:48:05.690556+05:30,7777777777,t
190,190,101,2018-05-31 19:06:26.446726+05:30,101,2018-09-13 10:02:01.061216+05:30,0242823459,t
251,251,101,2018-09-11 14:27:05.859104+05:30,101,2018-09-14 11:02:51.577581+05:30,1234567889,t
253,253,101,2018-09-14 11:03:40.83949+05:30,101,2018-09-14 11:03:40.83949+05:30,1236547890,f
254,254,101,2018-09-14 11:04:26.669832+05:30,101,2018-09-14 11:04:26.669832+05:30,1236547890,f
225,225,101,2018-08-31 10:25:16.623926+05:30,101,2018-09-14 11:05:01.364846+05:30,1236547895,f
226,226,101,2018-08-31 10:26:33.126165+05:30,101,2018-09-14 11:10:06.23278+05:30,123654789,f
243,243,101,2018-09-03 15:52:08.108068+05:30,101,2018-09-14 11:16:46.802627+05:30,1593742860,f
201,201,101,2018-06-01 18:51:49.80448+05:30,101,2018-09-14 11:20:58.264651+05:30,1598742360,f
258,258,101,2018-11-29 13:16:37.932546+05:30,101,2018-11-29 13:16:37.932546+05:30,1593742860,f
266,266,101,2018-12-05 17:51:20.457526+05:30,101,2018-12-05 17:51:20.457526+05:30,2345678107,f
259,259,101,2018-11-29 14:20:21.964243+05:30,101,2018-11-29 14:20:21.964243+05:30,7259689187,f
260,260,101,2018-12-04 13:13:08.926635+05:30,101,2018-12-04 13:13:08.926635+05:30,1236547890,f
261,261,101,2018-12-05 16:01:14.04696+05:30,101,2018-12-05 16:01:14.04696+05:30,123456789,f
262,262,101,2018-12-05 16:04:09.34639+05:30,101,2018-12-05 16:04:09.34639+05:30,123456789,f
263,263,101,2018-12-05 16:09:20.488942+05:30,101,2018-12-05 16:09:20.488942+05:30,123456789,f
264,264,101,2018-12-05 16:31:13.312635+05:30,101,2018-12-05 16:31:13.312635+05:30,123456789,f
267,267,101,2018-12-05 17:58:34.774637+05:30,101,2018-12-05 17:58:34.774637+05:30,123456789,f
265,265,101,2018-12-05 17:30:48.917432+05:30,101,2018-12-26 19:10:07.022676+05:30,123456789,f
257,257,101,2018-11-29 13:16:02.567717+05:30,101,2019-01-10 17:15:21.486225+05:30,1236547890,t
269,269,101,2019-01-28 12:32:42.719192+05:30,101,2019-01-28 12:35:09.575443+05:30,8765432146,f
256,256,101,2018-11-29 12:56:04.878711+05:30,101,2019-01-28 12:35:44.622507+05:30,7259689187,f
270,270,101,2019-01-28 12:37:06.686232+05:30,101,2019-01-28 12:38:21.019354+05:30,9876543212,f
272,272,101,2019-02-07 18:28:46.313893+05:30,101,2019-02-07 18:29:48.023126+05:30,4758475834,t
273,273,101,2019-02-07 18:33:34.211742+05:30,101,2019-02-07 18:33:34.211742+05:30,4758475834,f
198,198,101,2018-06-01 18:05:18.867096+05:30,101,2019-02-07 18:33:43.266212+05:30,2589631478,t
274,274,101,2019-02-08 05:48:55.496963+05:30,101,2019-02-08 05:48:55.496963+05:30,0247775121,f
276,276,101,2019-02-08 15:55:31.21037+05:30,101,2019-02-08 16:07:05.755704+05:30,6746587685,t
275,275,101,2019-02-08 14:04:11.733508+05:30,101,2019-02-08 16:07:26.355512+05:30,9568695894,t
271,271,101,2019-02-07 15:22:08.161345+05:30,101,2019-02-08 16:33:46.754477+05:30,8888888888,t
277,277,101,2019-02-08 16:36:42.593735+05:30,101,2019-02-08 16:53:03.07941+05:30,9999999999,t
278,278,101,2019-02-09 11:30:22.923039+05:30,101,2019-02-09 12:11:27.92503+05:30,7777777777,t
279,279,101,2019-02-09 12:12:51.687699+05:30,101,2019-02-09 12:14:12.191012+05:30,666666666,t
220,220,101,2018-08-28 17:19:18.258866+05:30,101,2019-02-11 04:01:16.949812+05:30,4356758756,f
281,281,101,2019-02-11 06:02:04.410656+05:30,101,2019-02-11 06:10:52.513211+05:30,0541609869,t
268,268,101,2019-01-22 14:26:42.938668+05:30,101,2019-02-14 12:49:55.266777+05:30,7259789678,f
282,282,101,2019-02-11 06:20:27.653522+05:30,101,2019-02-11 06:20:27.653522+05:30,0541609869,f
283,283,101,2019-02-11 06:28:01.631071+05:30,101,2019-02-11 06:36:11.539365+05:30,0541609869,t
280,280,101,2019-02-11 04:46:39.86005+05:30,101,2019-02-14 04:00:05.882431+05:30,0541609869,f
284,284,101,2019-02-11 06:39:32.086042+05:30,101,2019-02-11 06:49:39.481259+05:30,0541609869,t
286,286,101,2019-02-12 01:08:20.385963+05:30,101,2019-02-12 01:08:20.385963+05:30,0541609869,f
285,285,101,2019-02-11 12:04:09.459116+05:30,101,2019-02-13 11:47:22.355317+05:30,1234568767,f
287,287,101,2019-02-15 02:21:20.873941+05:30,101,2019-02-15 02:21:20.873941+05:30,701160581,f
288,288,101,2019-02-15 02:24:15.00811+05:30,101,2019-02-15 02:24:15.00811+05:30,701160581,f
289,289,101,2019-02-15 02:25:08.780296+05:30,101,2019-02-15 02:25:08.780296+05:30,701160581,f
290,290,101,2019-03-14 12:05:52.029757+05:30,101,2019-03-14 12:05:52.029757+05:30,1234567890,f
291,291,101,2019-03-14 12:07:09.858159+05:30,101,2019-03-14 12:07:09.858159+05:30,1234567890,f
292,292,101,2019-05-03 20:00:29.207589+05:30,523,2019-05-04 00:41:54.442276+05:30,0247775121,f
293,293,101,2019-05-03 20:01:58.643916+05:30,523,2019-05-04 00:44:46.497335+05:30,0541609869,f
294,294,101,2019-05-03 20:03:18.448356+05:30,523,2019-05-04 00:45:30.468164+05:30,0541609869,f
295,295,101,2019-05-04 18:29:28.360334+05:30,101,2019-05-04 18:29:28.360334+05:30,0099999666,f
298,298,101,2019-05-06 12:14:00.664316+05:30,101,2019-05-06 12:14:00.664316+05:30,0987654321,f
242,242,101,2018-09-03 16:17:06.527197+05:30,101,2019-06-28 16:15:00.380862+05:30,1597326480,t
240,240,101,2018-09-03 12:50:05.538893+05:30,101,2019-06-28 16:15:10.481057+05:30,7259689178,t
199,199,101,2018-06-01 18:38:17.385757+05:30,101,2019-06-28 16:15:18.166598+05:30,9876543455,t
248,248,101,2018-09-04 16:07:03.836261+05:30,101,2019-06-28 16:15:27.072374+05:30,0544488977,t
239,239,101,2018-09-03 12:43:28.76976+05:30,101,2019-06-28 16:15:31.127793+05:30,1597432680,t
299,299,101,2019-06-28 16:24:44.156165+05:30,101,2019-06-28 16:25:18.330724+05:30,0987654321,t
300,300,101,2019-06-28 16:26:27.304767+05:30,101,2019-06-28 16:27:00.774454+05:30,3445354677,t
301,301,101,2019-07-15 00:34:17.044161+05:30,101,2019-07-15 01:26:17.896229+05:30,0701160581,t
302,302,101,2019-07-19 15:14:05.711174+05:30,101,2019-07-19 15:14:05.711174+05:30,123456789,f
296,296,101,2019-05-06 10:26:30.630914+05:30,101,2019-07-24 19:10:57.431097+05:30,7259781876,f
297,297,101,2019-05-06 12:12:12.718961+05:30,101,2019-07-25 11:00:14.700496+05:30,0987654321,f
